name,flag,maps,region,subregion,population,currencies,languages,continents,area
Republic of Cyprus,https://flagcdn.com/w320/cy.png,https://goo.gl/maps/77hPBRdLid8yD5Bm7,Europe,1207361,['Euro']
State of Eritrea,https://flagcdn.com/w320/er.png,https://goo.gl/maps/HRyqUpnPwwG6jY5j6,Africa,5352000,['Eritrean nakfa']
Republic of Liberia,https://flagcdn.com/w320/lr.png,https://goo.gl/maps/4VsHsc2oeGeRL3wg6,Africa,5057677,['Liberian dollar']
Bermuda,https://flagcdn.com/w320/bm.png,https://goo.gl/maps/NLsRGNjTzDghTtAJA,Americas,63903,['Bermudian dollar']
Vatican City State,https://flagcdn.com/w320/va.png,https://goo.gl/maps/DTKvw5Bd1QZaDZmE8,Europe,451,['Euro']
Cook Islands,https://flagcdn.com/w320/ck.png,https://goo.gl/maps/nrGZrvWRGB4WHgDC9,Oceania,18100,"['Cook Islands dollar', 'New Zealand dollar']"
Federal Republic of Somalia,https://flagcdn.com/w320/so.png,https://goo.gl/maps/8of8q7D1a8p7R6Fc9,Africa,15893219,['Somali shilling']
Republic of Zambia,https://flagcdn.com/w320/zm.png,https://goo.gl/maps/mweBcqvW8TppZW6q9,Africa,18383956,['Zambian kwacha']
Bolivarian Republic of Venezuela,https://flagcdn.com/w320/ve.png,https://goo.gl/maps/KLCwDN8sec7z2kse9,Americas,28435943,['Venezuelan bolívar soberano']
Turkmenistan,https://flagcdn.com/w320/tm.png,https://goo.gl/maps/cgfUcaQHSWKuqeKk9,Asia,6031187,['Turkmenistan manat']
Republic of Albania,https://flagcdn.com/w320/al.png,https://goo.gl/maps/BzN9cTuj68ZA8SyZ8,Europe,2837743,['Albanian lek']
Republic of Croatia,https://flagcdn.com/w320/hr.png,https://goo.gl/maps/qSG6xTKUmrYpwmGQ6,Europe,4047200,['Euro']
United Kingdom of Great Britain and Northern Ireland,https://flagcdn.com/w320/gb.png,https://goo.gl/maps/FoDtc3UKMkFsXAjHA,Europe,67215293,['British pound']
Republic of the Sudan,https://flagcdn.com/w320/sd.png,https://goo.gl/maps/bNW7YUJCaqR8zcXn7,Africa,43849269,['Sudanese pound']
Democratic Republic of Timor-Leste,https://flagcdn.com/w320/tl.png,https://goo.gl/maps/sFqBC9zjgUXPR1iTA,Asia,1318442,['United States dollar']
Republic of the Congo,https://flagcdn.com/w320/cg.png,https://goo.gl/maps/Phf5dDDKdfCtuBTb6,Africa,5657000,['Central African CFA franc']
Republic of Azerbaijan,https://flagcdn.com/w320/az.png,https://goo.gl/maps/az3Zz7ar2aoB9AUc6,Asia,10110116,['Azerbaijani manat']
Republic of Kenya,https://flagcdn.com/w320/ke.png,https://goo.gl/maps/Ni9M7wcCxf8bJHLX8,Africa,53771300,['Kenyan shilling']
American Samoa,https://flagcdn.com/w320/as.png,https://goo.gl/maps/Re9ePMjwP1sFCBFA6,Oceania,55197,['United States dollar']
Republic of Côte d'Ivoire,https://flagcdn.com/w320/ci.png,https://goo.gl/maps/wKsmN7f5qAeNtGjP6,Africa,26378275,['West African CFA franc']
Republic of Senegal,https://flagcdn.com/w320/sn.png,https://goo.gl/maps/o5f1uD5nyihCL3HCA,Africa,16743930,['West African CFA franc']
Socialist Republic of Vietnam,https://flagcdn.com/w320/vn.png,https://goo.gl/maps/PCpVt9WzdJ9A9nEZ9,Asia,97338583,['Vietnamese đồng']
Republic of El Salvador,https://flagcdn.com/w320/sv.png,https://goo.gl/maps/cZnCEi5sEMQtKKcB7,Americas,6486201,['United States dollar']
Islamic Republic of Afghanistan,https://upload.wikimedia.org/wikipedia/commons/thumb/5/5c/Flag_of_the_Taliban.svg/320px-Flag_of_the_Taliban.svg.png,https://goo.gl/maps/BXBGw7yUUFknCfva9,Asia,40218234,['Afghan afghani']
Saint Martin,https://flagcdn.com/w320/mf.png,https://goo.gl/maps/P9ho9QuJ9EAR28JEA,Americas,38659,['Euro']
Republic of Latvia,https://flagcdn.com/w320/lv.png,https://goo.gl/maps/iQpUkH7ghq31ZtXe9,Europe,1901548,['Euro']
Republic of Guatemala,https://flagcdn.com/w320/gt.png,https://goo.gl/maps/JoRAbem4Hxb9FYbVA,Americas,16858333,['Guatemalan quetzal']
State of Kuwait,https://flagcdn.com/w320/kw.png,https://goo.gl/maps/aqr3aNQjS1BAvksJ7,Asia,4270563,['Kuwaiti dinar']
Democratic Republic of São Tomé and Príncipe,https://flagcdn.com/w320/st.png,https://goo.gl/maps/9EUppm13RtPX9oF46,Africa,219161,['São Tomé and Príncipe dobra']
Kyrgyz Republic,https://flagcdn.com/w320/kg.png,https://goo.gl/maps/SKG8BSMMQVvxkRkB7,Asia,6591600,['Kyrgyzstani som']
Republic of Poland,https://flagcdn.com/w320/pl.png,https://goo.gl/maps/gY9Xw4Sf4415P4949,Europe,37950802,['Polish złoty']
Guam,https://flagcdn.com/w320/gu.png,https://goo.gl/maps/Xfnq2i279b18cH3C9,Oceania,168783,['United States dollar']
Republic of Ghana,https://flagcdn.com/w320/gh.png,https://goo.gl/maps/Avy5RSmdsXFBaiXq8,Africa,31072945,['Ghanaian cedi']
Republic of Lithuania,https://flagcdn.com/w320/lt.png,https://goo.gl/maps/dd1s9rrLjrK2G8yY6,Europe,2794700,['Euro']
Republic of Armenia,https://flagcdn.com/w320/am.png,https://goo.gl/maps/azWUtK9bUQYEyccbA,Asia,2963234,['Armenian dram']
Bailiwick of Jersey,https://flagcdn.com/w320/je.png,https://goo.gl/maps/rXG8GZZtsqK92kTCA,Europe,100800,"['British pound', 'Jersey pound']"
Grenada,https://flagcdn.com/w320/gd.png,https://goo.gl/maps/rqWyfUAt4xhvk1Zy9,Americas,112519,['Eastern Caribbean dollar']
Republic of Tajikistan,https://flagcdn.com/w320/tj.png,https://goo.gl/maps/8rQgW88jEXijhVb58,Asia,9537642,['Tajikistani somoni']
Federal Democratic Republic of Ethiopia,https://flagcdn.com/w320/et.png,https://goo.gl/maps/2Q4hQWCbhuZLj3fG6,Africa,114963583,['Ethiopian birr']
Sahrawi Arab Democratic Republic,https://flagcdn.com/w320/eh.png,https://goo.gl/maps/7nU3mB69vP6zQp7A8,Africa,510713,"['Algerian dinar', 'Moroccan dirham', 'Mauritanian ouguiya']"
Kingdom of Morocco,https://flagcdn.com/w320/ma.png,https://goo.gl/maps/6oMv3dyBZg3iaXQ5A,Africa,36910558,['Moroccan dirham']
Commonwealth of Puerto Rico,https://flagcdn.com/w320/pr.png,https://goo.gl/maps/sygfDbtwn389wu8x5,Americas,3194034,['United States dollar']
Territory of Christmas Island,https://flagcdn.com/w320/cx.png,https://goo.gl/maps/ZC17hHsQZpShN5wk9,Oceania,2072,['Australian dollar']
New Zealand,https://flagcdn.com/w320/nz.png,https://goo.gl/maps/xXiDQo65dwdpw9iu8,Oceania,5084300,['New Zealand dollar']
"Nation of Brunei, Abode of Peace",https://flagcdn.com/w320/bn.png,https://goo.gl/maps/4jb4CqBXhr8vNh579,Asia,437483,"['Brunei dollar', 'Singapore dollar']"
Guiana,https://flagcdn.com/w320/gf.png,https://goo.gl/maps/NJawFwMzG7YtCrVP7,Americas,254541,['Euro']
Niue,https://flagcdn.com/w320/nu.png,https://goo.gl/maps/xFgdzs3E55Rk1y8P9,Oceania,1470,['New Zealand dollar']
Romania,https://flagcdn.com/w320/ro.png,https://goo.gl/maps/845hAgCf1mDkN3vr7,Europe,19286123,['Romanian leu']
Svalbard og Jan Mayen,https://flagcdn.com/w320/sj.png,https://goo.gl/maps/L2wyyn3cQ16PzQ5J8,Europe,2562,['krone']
Republic of Belarus,https://flagcdn.com/w320/by.png,https://goo.gl/maps/PJUDU3EBPSszCQcu6,Europe,9398861,['Belarusian ruble']
Republic of Panama,https://flagcdn.com/w320/pa.png,https://goo.gl/maps/sEN7sKqeawa5oPNLA,Americas,4314768,"['Panamanian balboa', 'United States dollar']"
Republic of Cameroon,https://flagcdn.com/w320/cm.png,https://goo.gl/maps/JqiipHgFboG3rBJh9,Africa,26545864,['Central African CFA franc']
Czech Republic,https://flagcdn.com/w320/cz.png,https://goo.gl/maps/47dmgeXMZyhDHyQW8,Europe,10698896,['Czech koruna']
Collectivity of Saint Barthélemy,https://flagcdn.com/w320/bl.png,https://goo.gl/maps/Mc7GqH466S7AAk297,Americas,4255,['Euro']
Hellenic Republic,https://flagcdn.com/w320/gr.png,https://goo.gl/maps/LHGcAvuRyD2iKECC6,Europe,10715549,['Euro']
Republic of Mali,https://flagcdn.com/w320/ml.png,https://goo.gl/maps/u9mYJkCB19wyuzh27,Africa,20250834,['West African CFA franc']
Martinique,https://flagcdn.com/w320/mq.png,https://goo.gl/maps/87ER7sDAFU7JjcvR6,Americas,378243,['Euro']
French Republic,https://flagcdn.com/w320/fr.png,https://goo.gl/maps/g7QxxSFsWyTPKuzd7,Europe,67391582,['Euro']
Islamic Republic of Pakistan,https://flagcdn.com/w320/pk.png,https://goo.gl/maps/5LYujdfR5yLUXoERA,Asia,220892331,['Pakistani rupee']
Republic of Peru,https://flagcdn.com/w320/pe.png,https://goo.gl/maps/uDWEUaXNcZTng1fP6,Americas,32971846,['Peruvian sol']
Barbados,https://flagcdn.com/w320/bb.png,https://goo.gl/maps/2m36v8STvbGAWd9c7,Americas,287371,['Barbadian dollar']
Greenland,https://flagcdn.com/w320/gl.png,https://goo.gl/maps/j3289UPEQXt1ceSy8,Americas,56367,['krone']
Saint Pierre and Miquelon,https://flagcdn.com/w320/pm.png,https://goo.gl/maps/bUM8Yc8pA8ghyhmt6,Americas,6069,['Euro']
Republic of Chad,https://flagcdn.com/w320/td.png,https://goo.gl/maps/ziUdAZ8skuNfx5Hx7,Africa,16425859,['Central African CFA franc']
Hungary,https://flagcdn.com/w320/hu.png,https://goo.gl/maps/9gfPupm5bffixiFJ6,Europe,9749763,['Hungarian forint']
Union of the Comoros,https://flagcdn.com/w320/km.png,https://goo.gl/maps/eas4GP28C1GyStnu6,Africa,869595,['Comorian franc']
People's Republic of Bangladesh,https://flagcdn.com/w320/bd.png,https://goo.gl/maps/op6gmLbHcvv6rLhH6,Asia,164689383,['Bangladeshi taka']
Tokelau,https://flagcdn.com/w320/tk.png,https://goo.gl/maps/Ap5qN8qien6pT9UN6,Oceania,1411,['New Zealand dollar']
Republic of Fiji,https://flagcdn.com/w320/fj.png,https://goo.gl/maps/r9fhDqoLZdg1zmE99,Oceania,896444,['Fijian dollar']
People's Republic of China,https://flagcdn.com/w320/cn.png,https://goo.gl/maps/p9qC6vgiFRRXzvGi7,Asia,1402112000,['Chinese yuan']
Republic of Colombia,https://flagcdn.com/w320/co.png,https://goo.gl/maps/zix9qNFX69E9yZ2M6,Americas,50882884,['Colombian peso']
Virgin Islands,https://flagcdn.com/w320/vg.png,https://goo.gl/maps/49C9cSesNVAR9DQk8,Americas,30237,['United States dollar']
People's Democratic Republic of Algeria,https://flagcdn.com/w320/dz.png,https://goo.gl/maps/RsAyAfyaiNVb8DpW8,Africa,44700000,['Algerian dinar']
Republic of the Maldives,https://flagcdn.com/w320/mv.png,https://goo.gl/maps/MNAWGq9vEdbZ9vUV7,Asia,540542,['Maldivian rufiyaa']
Malaysia,https://flagcdn.com/w320/my.png,https://goo.gl/maps/qrY1PNeUXGyXDcPy6,Asia,32365998,['Malaysian ringgit']
Cayman Islands,https://flagcdn.com/w320/ky.png,https://goo.gl/maps/P3ZVXX3LH63t91hL8,Americas,65720,['Cayman Islands dollar']
Kingdom of Spain,https://flagcdn.com/w320/es.png,https://goo.gl/maps/138JaXW8EZzRVitY9,Europe,47351567,['Euro']
Republic of Ireland,https://flagcdn.com/w320/ie.png,https://goo.gl/maps/hxd1BKxgpchStzQC6,Europe,4994724,['Euro']
Republic of Estonia,https://flagcdn.com/w320/ee.png,https://goo.gl/maps/6SsynwGUodL1sDvq8,Europe,1331057,['Euro']
Republic of Paraguay,https://flagcdn.com/w320/py.png,https://goo.gl/maps/JtnqG73WJn1Gx6mz6,Americas,7132530,['Paraguayan guaraní']
Oriental Republic of Uruguay,https://flagcdn.com/w320/uy.png,https://goo.gl/maps/tiQ9Baekb1jQtDSD9,Americas,3473727,['Uruguayan peso']
Republic of South Africa,https://flagcdn.com/w320/za.png,https://goo.gl/maps/CLCZ1R8Uz1KpYhRv6,Africa,59308690,['South African rand']
Saint Lucia,https://flagcdn.com/w320/lc.png,https://goo.gl/maps/4HhJ2jkPdSL9BPRcA,Americas,183629,['Eastern Caribbean dollar']
Republic of Vanuatu,https://flagcdn.com/w320/vu.png,https://goo.gl/maps/hwAjehcT7VfvP5zJ8,Oceania,307150,['Vanuatu vatu']
Republic of Finland,https://flagcdn.com/w320/fi.png,https://goo.gl/maps/HjgWDCNKRAYHrkMn8,Europe,5530719,['Euro']
Kingdom of Sweden,https://flagcdn.com/w320/se.png,https://goo.gl/maps/iqygE491ADVgnBW39,Europe,10353442,['Swedish krona']
British Indian Ocean Territory,https://flagcdn.com/w320/io.png,https://goo.gl/maps/bheNucgekVEYozoi6,Africa,3000,['United States dollar']
Lebanese Republic,https://flagcdn.com/w320/lb.png,https://goo.gl/maps/Sz5VCU8UFBqMyTdc9,Asia,6825442,['Lebanese pound']
United States of America,https://flagcdn.com/w320/us.png,https://goo.gl/maps/e8M246zY4BSjkjAv6,Americas,329484123,['United States dollar']
Republic of Chile,https://flagcdn.com/w320/cl.png,https://goo.gl/maps/XboxyNHh2fAjCPNn9,Americas,19116209,['Chilean peso']
Territory of Norfolk Island,https://flagcdn.com/w320/nf.png,https://goo.gl/maps/pbvtm6XYd1iZbjky5,Oceania,2302,['Australian dollar']
Montserrat,https://flagcdn.com/w320/ms.png,https://goo.gl/maps/CSbe7UmxPmiwQB7GA,Americas,4922,['Eastern Caribbean dollar']
Commonwealth of Australia,https://flagcdn.com/w320/au.png,https://goo.gl/maps/DcjaDa7UbhnZTndH6,Oceania,25687041,['Australian dollar']
Belize,https://flagcdn.com/w320/bz.png,https://goo.gl/maps/jdCccpdLodm1uTmo9,Americas,397621,['Belize dollar']
Co-operative Republic of Guyana,https://flagcdn.com/w320/gy.png,https://goo.gl/maps/DFsme2xEeugUAsCx5,Americas,786559,['Guyanese dollar']
Mongolia,https://flagcdn.com/w320/mn.png,https://goo.gl/maps/A1X7bMCKThBDNjzH6,Asia,3278292,['Mongolian tögrög']
Tuvalu,https://flagcdn.com/w320/tv.png,https://goo.gl/maps/LbuUxtkgm1dfN1Pn6,Oceania,11792,"['Australian dollar', 'Tuvaluan dollar']"
Dominican Republic,https://flagcdn.com/w320/do.png,https://goo.gl/maps/soxooTHxEeiAbn3UA,Americas,10847904,['Dominican peso']
Republic of Equatorial Guinea,https://flagcdn.com/w320/gq.png,https://goo.gl/maps/ucWfFd8aW1FbGMva9,Africa,1402985,['Central African CFA franc']
Federation of Saint Christopher and Nevis,https://flagcdn.com/w320/kn.png,https://goo.gl/maps/qiaVwcLVTXX3eoTNA,Americas,53192,['Eastern Caribbean dollar']
Plurinational State of Bolivia,https://flagcdn.com/w320/bo.png,https://goo.gl/maps/9DfnyfbxNM2g5U9b9,Americas,11673029,['Bolivian boliviano']
Federal Democratic Republic of Nepal,https://flagcdn.com/w320/np.png,https://goo.gl/maps/UMj2zpbQp7B5c3yT7,Asia,29136808,['Nepalese rupee']
Territory of the French Southern and Antarctic Lands,https://flagcdn.com/w320/tf.png,https://goo.gl/maps/6ua6CX1m4w1xF2Em7,Antarctic,400,['Euro']
Republic of China (Taiwan),https://flagcdn.com/w320/tw.png,https://goo.gl/maps/HgMKFQjNadF3Wa6B6,Asia,23503349,['New Taiwan dollar']
Republic of Benin,https://flagcdn.com/w320/bj.png,https://goo.gl/maps/uMw1BsHEXQYgVFFu6,Africa,12123198,['West African CFA franc']
Republic of Bulgaria,https://flagcdn.com/w320/bg.png,https://goo.gl/maps/F5uAhDGWzc3BrHfm9,Europe,6927288,['Bulgarian lev']
Republic of Moldova,https://flagcdn.com/w320/md.png,https://goo.gl/maps/JjmyUuULujnDeFPf7,Europe,2617820,['Moldovan leu']
Isle of Man,https://flagcdn.com/w320/im.png,https://goo.gl/maps/4DqVHDgVaFgnh8ZV8,Europe,85032,"['British pound', 'Manx pound']"
Kingdom of Bhutan,https://flagcdn.com/w320/bt.png,https://goo.gl/maps/VEfXXBftTFLUpNgp8,Asia,771612,"['Bhutanese ngultrum', 'Indian rupee']"
Kingdom of Cambodia,https://flagcdn.com/w320/kh.png,https://goo.gl/maps/nztQtFSrUXZymJaW8,Asia,16718971,"['Cambodian riel', 'United States dollar']"
Antigua and Barbuda,https://flagcdn.com/w320/ag.png,https://goo.gl/maps/fnye4wGJ1RzC9jpX9,Americas,97928,['Eastern Caribbean dollar']
Republic of Haiti,https://flagcdn.com/w320/ht.png,https://goo.gl/maps/9o13xtjuUdqFnHbn9,Americas,11402533,['Haitian gourde']
Republic of Cabo Verde,https://flagcdn.com/w320/cv.png,https://goo.gl/maps/Kc9vy5ChjuiAgMfXA,Africa,555988,['Cape Verdean escudo']
Georgia,https://flagcdn.com/w320/ge.png,https://goo.gl/maps/bvCaGBePR1ZEDK5cA,Asia,3714000,['lari']
Republic of Burundi,https://flagcdn.com/w320/bi.png,https://goo.gl/maps/RXPWoRrB9tfrJpUG7,Africa,11890781,['Burundian franc']
Commonwealth of the Bahamas,https://flagcdn.com/w320/bs.png,https://goo.gl/maps/1YzRs1BZrG8p8pmVA,Americas,393248,"['Bahamian dollar', 'United States dollar']"
Republic of Mauritius,https://flagcdn.com/w320/mu.png,https://goo.gl/maps/PpKtZ4W3tir5iGrz7,Africa,1265740,['Mauritian rupee']
State of Libya,https://flagcdn.com/w320/ly.png,https://goo.gl/maps/eLgGnaQWcJEdYRMy5,Africa,6871287,['Libyan dinar']
Republic of Malawi,https://flagcdn.com/w320/mw.png,https://goo.gl/maps/mc6z83pW9m98X2Ef6,Africa,19129955,['Malawian kwacha']
United Mexican States,https://flagcdn.com/w320/mx.png,https://goo.gl/maps/s5g7imNPMDEePxzbA,Americas,128932753,['Mexican peso']
Kingdom of Eswatini,https://flagcdn.com/w320/sz.png,https://goo.gl/maps/cUY79eqQihFSE8hV6,Africa,1160164,"['Swazi lilangeni', 'South African rand']"
Independent State of Papua New Guinea,https://flagcdn.com/w320/pg.png,https://goo.gl/maps/ChGmzZBjZ3vnBwR2A,Oceania,8947027,['Papua New Guinean kina']
Commonwealth of Dominica,https://flagcdn.com/w320/dm.png,https://goo.gl/maps/HSKdHYpFC8oHHuyV7,Americas,71991,['Eastern Caribbean dollar']
Principality of Liechtenstein,https://flagcdn.com/w320/li.png,https://goo.gl/maps/KNuHeiJzAPodwM7y6,Europe,38137,['Swiss franc']
Russian Federation,https://flagcdn.com/w320/ru.png,https://goo.gl/maps/4F4PpDhGJgVvLby57,Europe,144104080,['Russian ruble']
State of Israel,https://flagcdn.com/w320/il.png,https://goo.gl/maps/6UY1AH8XeafVwdC97,Asia,9216900,['Israeli new shekel']
Republic of Singapore,https://flagcdn.com/w320/sg.png,https://goo.gl/maps/QbQt9Y9b5KFzsahV6,Asia,5685807,['Singapore dollar']
Republic of Uganda,https://flagcdn.com/w320/ug.png,https://goo.gl/maps/Y7812hFiGa8LD9N68,Africa,45741000,['Ugandan shilling']
Slovak Republic,https://flagcdn.com/w320/sk.png,https://goo.gl/maps/uNSH2wW4bLoZVYJj7,Europe,5458827,['Euro']
Kingdom of Tonga,https://flagcdn.com/w320/to.png,https://goo.gl/maps/p5YALBY2QdEzswRo7,Oceania,105697,['Tongan paʻanga']
United Arab Emirates,https://flagcdn.com/w320/ae.png,https://goo.gl/maps/AZZTDA6GzVAnKMVd8,Asia,9890400,['United Arab Emirates dirham']
Department of Mayotte,https://flagcdn.com/w320/yt.png,https://goo.gl/maps/1e7MXmfBwQv3TQGF7,Africa,226915,['Euro']
Republic of Suriname,https://flagcdn.com/w320/sr.png,https://goo.gl/maps/iy7TuQLSi4qgoBoG7,Americas,586634,['Surinamese dollar']
Republic of Uzbekistan,https://flagcdn.com/w320/uz.png,https://goo.gl/maps/AJpo6MjMx23qSWCz8,Asia,34232050,['Uzbekistani soʻm']
Kingdom of Saudi Arabia,https://flagcdn.com/w320/sa.png,https://goo.gl/maps/5PSjvdJ1AyaLFRrG9,Asia,34813867,['Saudi riyal']
Arab Republic of Egypt,https://flagcdn.com/w320/eg.png,https://goo.gl/maps/uoDRhXbsqjG6L7VG7,Africa,102334403,['Egyptian pound']
Italian Republic,https://flagcdn.com/w320/it.png,https://goo.gl/maps/8M1K27TDj7StTRTq8,Europe,59554023,['Euro']
Republic of Madagascar,https://flagcdn.com/w320/mg.png,https://goo.gl/maps/AHQh2ABBaFW6Ngj26,Africa,27691019,['Malagasy ariary']
New Caledonia,https://flagcdn.com/w320/nc.png,https://goo.gl/maps/cBhtCeMdob4U7FRU9,Oceania,271960,['CFP franc']
Canada,https://flagcdn.com/w320/ca.png,https://goo.gl/maps/jmEVLugreeqiZXxbA,Americas,38005238,['Canadian dollar']
Virgin Islands of the United States,https://flagcdn.com/w320/vi.png,https://goo.gl/maps/mBfreywj8dor6q4m9,Americas,106290,['United States dollar']
Republic of the Marshall Islands,https://flagcdn.com/w320/mh.png,https://goo.gl/maps/A4xLi1XvcX88gi3W8,Oceania,59194,['United States dollar']
Islamic Republic of Mauritania,https://flagcdn.com/w320/mr.png,https://goo.gl/maps/im2MmQ5jFjzxWBks5,Africa,4649660,['Mauritanian ouguiya']
Republic of the Gambia,https://flagcdn.com/w320/gm.png,https://goo.gl/maps/bbGBCxxtfD2A9Z4m6,Africa,2416664,['dalasi']
Republic of Trinidad and Tobago,https://flagcdn.com/w320/tt.png,https://goo.gl/maps/NrRfDEWoG8FGZqWY7,Americas,1399491,['Trinidad and Tobago dollar']
Republic of Seychelles,https://flagcdn.com/w320/sc.png,https://goo.gl/maps/aqCcy2TKh5TV5MAX8,Africa,98462,['Seychellois rupee']
Japan,https://flagcdn.com/w320/jp.png,https://goo.gl/maps/NGTLSCSrA8bMrvnX9,Asia,125836021,['Japanese yen']
Federative Republic of Brazil,https://flagcdn.com/w320/br.png,https://goo.gl/maps/waCKk21HeeqFzkNC9,Americas,212559409,['Brazilian real']
Syrian Arab Republic,https://flagcdn.com/w320/sy.png,https://goo.gl/maps/Xe3VnFbwdb4nv2SM9,Asia,17500657,['Syrian pound']
"Saint Helena, Ascension and Tristan da Cunha",https://flagcdn.com/w320/sh.png,https://goo.gl/maps/iv4VxnPzHkjLCJuc6,Africa,53192,"['Pound sterling', 'Saint Helena pound']"
United Republic of Tanzania,https://flagcdn.com/w320/tz.png,https://goo.gl/maps/NWYMqZYXte4zGZ2Q8,Africa,59734213,['Tanzanian shilling']
Principality of Andorra,https://flagcdn.com/w320/ad.png,https://goo.gl/maps/JqAnacWE2qEznKgw7,Europe,77265,['Euro']
Islamic Republic of Iran,https://flagcdn.com/w320/ir.png,https://goo.gl/maps/dMgEGuacBPGYQnjY7,Asia,83992953,['Iranian rial']
Togolese Republic,https://flagcdn.com/w320/tg.png,https://goo.gl/maps/jzAa9feXuXPrKVb89,Africa,8278737,['West African CFA franc']
Republic of Malta,https://flagcdn.com/w320/mt.png,https://goo.gl/maps/skXCqguxDxxEKVk47,Europe,525285,['Euro']
Republic of Korea,https://flagcdn.com/w320/kr.png,https://goo.gl/maps/7ecjaJXefjAQhxjGA,Asia,51780579,['South Korean won']
Independent State of Samoa,https://flagcdn.com/w320/ws.png,https://goo.gl/maps/CFC9fEFP9cfkYUBF9,Oceania,198410,['Samoan tālā']
Federal Republic of Germany,https://flagcdn.com/w320/de.png,https://goo.gl/maps/mD9FBMq1nvXUBrkv6,Europe,83240525,['Euro']
Republic of Niger,https://flagcdn.com/w320/ne.png,https://goo.gl/maps/VKNU2TLsZcgxM49c8,Africa,24206636,['West African CFA franc']
Bouvet Island,https://flagcdn.com/w320/bv.png,https://goo.gl/maps/7WRQAEKZb4uK36yi9,Antarctic,0,[]
Jamaica,https://flagcdn.com/w320/jm.png,https://goo.gl/maps/Z8mQ6jxnRQKFwJy9A,Americas,2961161,['Jamaican dollar']
Republic of Nicaragua,https://flagcdn.com/w320/ni.png,https://goo.gl/maps/P77LaEVkKJKXneRC6,Americas,6624554,['Nicaraguan córdoba']
Republic of Guinea,https://flagcdn.com/w320/gn.png,https://goo.gl/maps/8J5oM5sA4Ayr1ZYGA,Africa,13132792,['Guinean franc']
Anguilla,https://flagcdn.com/w320/ai.png,https://goo.gl/maps/3KgLnEyN7amdno2p9,Americas,13452,['Eastern Caribbean dollar']
Åland Islands,https://flagcdn.com/w320/ax.png,https://goo.gl/maps/ewFb3vYsfUmVCoSb8,Europe,29458,['Euro']
Kingdom of Belgium,https://flagcdn.com/w320/be.png,https://goo.gl/maps/UQQzat85TCtPRXAL8,Europe,11555997,['Euro']
Portuguese Republic,https://flagcdn.com/w320/pt.png,https://goo.gl/maps/BaTBSyc4GWMmbAKB8,Europe,10305564,['Euro']
Kingdom of Denmark,https://flagcdn.com/w320/dk.png,https://goo.gl/maps/UddGPN7hAyrtpFiT6,Europe,5831404,['Danish krone']
Republic of the Philippines,https://flagcdn.com/w320/ph.png,https://goo.gl/maps/k8T2fb5VMUfsWFX6A,Asia,109581085,['Philippine peso']
Territory of the Wallis and Futuna Islands,https://flagcdn.com/w320/wf.png,https://goo.gl/maps/CzVqK74QYtbHv65r5,Oceania,11750,['CFP franc']
Republic of Austria,https://flagcdn.com/w320/at.png,https://goo.gl/maps/pCWpWQhznHyRzQcu9,Europe,8917205,['Euro']
Republic of Guinea-Bissau,https://flagcdn.com/w320/gw.png,https://goo.gl/maps/5Wyaz17miUc1zLc67,Africa,1967998,['West African CFA franc']
Principality of Monaco,https://flagcdn.com/w320/mc.png,https://goo.gl/maps/DGpndDot28bYdXYn7,Europe,39244,['Euro']
Republic of Namibia,https://flagcdn.com/w320/na.png,https://goo.gl/maps/oR1i8BFEYX3EY83WA,Africa,2540916,"['Namibian dollar', 'South African rand']"
United States Minor Outlying Islands,https://flagcdn.com/w320/um.png,https://goo.gl/maps/hZKnrzgeK69dDyPF8,Americas,300,['United States dollar']
Republic of Costa Rica,https://flagcdn.com/w320/cr.png,https://goo.gl/maps/RFiwytjvNrpfKN7k6,Americas,5094114,['Costa Rican colón']
Bosnia and Herzegovina,https://flagcdn.com/w320/ba.png,https://www.google.com/maps/place/Bosnia+and+Herzegovina,Europe,3280815,['Bosnia and Herzegovina convertible mark']
Macao Special Administrative Region of the People's Republic of China,https://flagcdn.com/w320/mo.png,https://goo.gl/maps/whymRdk3dZFfAAs4A,Asia,649342,['Macanese pataca']
Republic of Mozambique,https://flagcdn.com/w320/mz.png,https://goo.gl/maps/xCLcY9fzU6x4Pueu5,Africa,31255435,['Mozambican metical']
Réunion Island,https://flagcdn.com/w320/re.png,https://goo.gl/maps/wWpBrXsp8UHVbah29,Africa,840974,['Euro']
Montenegro,https://flagcdn.com/w320/me.png,https://goo.gl/maps/4THX1fM7WqANuPbB8,Europe,621718,['Euro']
Democratic People's Republic of Korea,https://flagcdn.com/w320/kp.png,https://goo.gl/maps/9q5T2DMeH5JL7Tky6,Asia,25778815,['North Korean won']
Commonwealth of the Northern Mariana Islands,https://flagcdn.com/w320/mp.png,https://goo.gl/maps/cpZ67knoRAcfu1417,Oceania,57557,['United States dollar']
Ukraine,https://flagcdn.com/w320/ua.png,https://goo.gl/maps/DvgJMiPJ7aozKFZv7,Europe,44134693,['Ukrainian hryvnia']
Republic of Iraq,https://flagcdn.com/w320/iq.png,https://goo.gl/maps/iL8Bmy1sUCW9fUk18,Asia,40222503,['Iraqi dinar']
South Georgia and the South Sandwich Islands,https://flagcdn.com/w320/gs.png,https://goo.gl/maps/mJzdaBwKBbm2B81q9,Antarctic,30,['Saint Helena pound']
Republic of Angola,https://flagcdn.com/w320/ao.png,https://goo.gl/maps/q42Qbf1BmQL3fuZg9,Africa,32866268,['Angolan kwanza']
Republic of Sierra Leone,https://flagcdn.com/w320/sl.png,https://goo.gl/maps/jhacar85oq9QaeKB7,Africa,7976985,['Sierra Leonean leone']
Federated States of Micronesia,https://flagcdn.com/w320/fm.png,https://goo.gl/maps/LLcnofC5LxZsJXTo8,Oceania,115021,['United States dollar']
Republic of Cuba,https://flagcdn.com/w320/cu.png,https://goo.gl/maps/1dDw1QfZspfMUTm99,Americas,11326616,"['Cuban convertible peso', 'Cuban peso']"
Turks and Caicos Islands,https://flagcdn.com/w320/tc.png,https://goo.gl/maps/R8VUDQfwZiFtvmyn8,Americas,38718,['United States dollar']
Republic of Serbia,https://flagcdn.com/w320/rs.png,https://goo.gl/maps/2Aqof7aV2Naq8YEK8,Europe,6908224,['Serbian dinar']
Republic of Ecuador,https://flagcdn.com/w320/ec.png,https://goo.gl/maps/TbX8hUW4gcbRPZiK7,Americas,17643060,['United States dollar']
Faroe Islands,https://flagcdn.com/w320/fo.png,https://goo.gl/maps/6sTru4SmHdEVcNkM6,Europe,48865,"['Danish krone', 'Faroese króna']"
Antarctica,https://flagcdn.com/w320/aq.png,https://goo.gl/maps/kyBuJriu4itiXank7,Antarctic,1000,[]
State of Palestine,https://flagcdn.com/w320/ps.png,https://goo.gl/maps/QvTbkRdmdWEoYAmt5,Asia,4803269,"['Egyptian pound', 'Israeli new shekel', 'Jordanian dinar']"
Republic of Turkey,https://flagcdn.com/w320/tr.png,https://goo.gl/maps/dXFFraiUDfcB6Quk6,Asia,84339067,['Turkish lira']
Independent and Sovereign Republic of Kiribati,https://flagcdn.com/w320/ki.png,https://goo.gl/maps/NBfYvrndW4skAimw9,Oceania,119446,"['Australian dollar', 'Kiribati dollar']"
Republic of Kazakhstan,https://flagcdn.com/w320/kz.png,https://goo.gl/maps/8VohJGu7ShuzZYyeA,Asia,18754440,['Kazakhstani tenge']
Gibraltar,https://flagcdn.com/w320/gi.png,https://goo.gl/maps/CEoHAs1t6byCBhHFA,Europe,33691,['Gibraltar pound']
Iceland,https://flagcdn.com/w320/is.png,https://goo.gl/maps/WxFWSQuc3oamNxoE6,Europe,366425,['Icelandic króna']
Republic of Palau,https://flagcdn.com/w320/pw.png,https://goo.gl/maps/MVasQBbUkQP7qQDR9,Oceania,18092,['United States dollar']
State of Qatar,https://flagcdn.com/w320/qa.png,https://goo.gl/maps/ZV76Y49z7LLUZ2KQ6,Asia,2881060,['Qatari riyal']
Swiss Confederation,https://flagcdn.com/w320/ch.png,https://goo.gl/maps/uVuZcXaxSx5jLyEC9,Europe,8654622,['Swiss franc']
French Polynesia,https://flagcdn.com/w320/pf.png,https://goo.gl/maps/xgg6BQTRyeQg4e1m6,Oceania,280904,['CFP franc']
Pitcairn Group of Islands,https://flagcdn.com/w320/pn.png,https://goo.gl/maps/XGJMnMAigXjXcxSa7,Oceania,56,['New Zealand dollar']
Hashemite Kingdom of Jordan,https://flagcdn.com/w320/jo.png,https://goo.gl/maps/ko1dzSDKg8Gsi9A98,Asia,10203140,['Jordanian dinar']
Republic of the Union of Myanmar,https://flagcdn.com/w320/mm.png,https://goo.gl/maps/4jrZyJkDERUfHyp26,Asia,54409794,['Burmese kyat']
Kingdom of Thailand,https://flagcdn.com/w320/th.png,https://goo.gl/maps/qeU6uqsfW4nCCwzw9,Asia,69799978,['Thai baht']
"Bonaire, Sint Eustatius and Saba",https://flagcdn.com/w320/bq.png,https://goo.gl/maps/4XVes1P6uEDTz77WA,Americas,25987,['United States dollar']
Aruba,https://flagcdn.com/w320/aw.png,https://goo.gl/maps/8hopbQqifHAgyZyg8,Americas,106766,['Aruban florin']
Guadeloupe,https://flagcdn.com/w320/gp.png,https://goo.gl/maps/Dy9R2EufJtoWm8UN9,Americas,400132,['Euro']
Federal Republic of Nigeria,https://flagcdn.com/w320/ng.png,https://goo.gl/maps/LTn417qWwBPFszuV9,Africa,206139587,['Nigerian naira']
Kingdom of Bahrain,https://flagcdn.com/w320/bh.png,https://goo.gl/maps/5Zue99Zc6vFBHxzJ7,Asia,1701583,['Bahraini dinar']
Lao People's Democratic Republic,https://flagcdn.com/w320/la.png,https://goo.gl/maps/F3asVB7sRKgSnwbE7,Asia,7275556,['Lao kip']
Territory of the Cocos (Keeling) Islands,https://flagcdn.com/w320/cc.png,https://goo.gl/maps/3eCdKVpVfMcZyKcK6,Oceania,544,['Australian dollar']
Republic of Djibouti,https://flagcdn.com/w320/dj.png,https://goo.gl/maps/V1HWfzN3bS1kwf4C6,Africa,988002,['Djiboutian franc']
Solomon Islands,https://flagcdn.com/w320/sb.png,https://goo.gl/maps/JbPkx86Ywjv8C1n8A,Oceania,686878,['Solomon Islands dollar']
Heard Island and McDonald Islands,https://flagcdn.com/w320/hm.png,https://goo.gl/maps/k5FBAiVaVyozuYeA7,Antarctic,0,[]
Republic of India,https://flagcdn.com/w320/in.png,https://goo.gl/maps/WSk3fLwG4vtPQetp7,Asia,1380004385,['Indian rupee']
Republic of San Marino,https://flagcdn.com/w320/sm.png,https://goo.gl/maps/rxCVJjm8dVY93RPY8,Europe,33938,['Euro']
Grand Duchy of Luxembourg,https://flagcdn.com/w320/lu.png,https://goo.gl/maps/L6b2AgndgHprt2Ko9,Europe,632275,['Euro']
Sint Maarten,https://flagcdn.com/w320/sx.png,https://goo.gl/maps/DjvcESy1a1oGEZuNA,Americas,40812,['Netherlands Antillean guilder']
Falkland Islands,https://flagcdn.com/w320/fk.png,https://goo.gl/maps/TZH1x7AGanQKifNk7,Americas,2563,['Falkland Islands pound']
Central African Republic,https://flagcdn.com/w320/cf.png,https://goo.gl/maps/51V8dsi2rGYC9n3c9,Africa,4829764,['Central African CFA franc']
Republic of Botswana,https://flagcdn.com/w320/bw.png,https://goo.gl/maps/E364KeLy6N4JwxwQ8,Africa,2351625,['Botswana pula']
Country of Curaçao,https://flagcdn.com/w320/cw.png,https://goo.gl/maps/9D3hTeA3qKaRT7S16,Americas,155014,['Netherlands Antillean guilder']
Bailiwick of Guernsey,https://flagcdn.com/w320/gg.png,https://goo.gl/maps/6kXnQU5QvEZMD9VB7,Europe,62999,"['British pound', 'Guernsey pound']"
Kingdom of Norway,https://flagcdn.com/w320/no.png,https://goo.gl/maps/htWRrphA7vNgQNdSA,Europe,5379475,['Norwegian krone']
Gabonese Republic,https://flagcdn.com/w320/ga.png,https://goo.gl/maps/vyRSkqw1H1fnq4ry6,Africa,2225728,['Central African CFA franc']
Republic of Zimbabwe,https://flagcdn.com/w320/zw.png,https://goo.gl/maps/M26BqdwQctqxXS65A,Africa,14862927,['Zimbabwean dollar']
Kingdom of Lesotho,https://flagcdn.com/w320/ls.png,https://goo.gl/maps/H8gJi5mL4Cmd1SF28,Africa,2142252,"['Lesotho loti', 'South African rand']"
Republic of Slovenia,https://flagcdn.com/w320/si.png,https://goo.gl/maps/7zgFmswcCJh5L5D49,Europe,2100126,['Euro']
Argentine Republic,https://flagcdn.com/w320/ar.png,https://goo.gl/maps/Z9DXNxhf2o93kvyc6,Americas,45376763,['Argentine peso']
Burkina Faso,https://flagcdn.com/w320/bf.png,https://goo.gl/maps/rKRmpcMbFher2ozb7,Africa,20903278,['West African CFA franc']
Republic of Yemen,https://flagcdn.com/w320/ye.png,https://goo.gl/maps/WCmE76HKcLideQQw7,Asia,29825968,['Yemeni rial']
Democratic Republic of the Congo,https://flagcdn.com/w320/cd.png,https://goo.gl/maps/KfhNVn6VqdZXWu8n9,Africa,108407721,['Congolese franc']
Sultanate of Oman,https://flagcdn.com/w320/om.png,https://goo.gl/maps/L2BoXoAwDDwWecnw5,Asia,5106622,['Omani rial']
Republic of Indonesia,https://flagcdn.com/w320/id.png,https://goo.gl/maps/9gfPupm5bffixiFJ6,Asia,273523621,['Indonesian rupiah']
Republic of Nauru,https://flagcdn.com/w320/nr.png,https://goo.gl/maps/kyAGw6XEJgjSMsTK7,Oceania,10834,['Australian dollar']
Republic of Rwanda,https://flagcdn.com/w320/rw.png,https://goo.gl/maps/j5xb5r7CLqjYbyP86,Africa,12952209,['Rwandan franc']
Republic of North Macedonia,https://flagcdn.com/w320/mk.png,https://goo.gl/maps/55Q8MEnF6ACdu3q79,Europe,2077132,['denar']
Republic of Kosovo,https://flagcdn.com/w320/xk.png,https://goo.gl/maps/CSC4Yc8SWPgburuD9,Europe,1775378,['Euro']
Kingdom of the Netherlands,https://flagcdn.com/w320/nl.png,https://goo.gl/maps/Hv6zQswGhFxoVVBm6,Europe,16655799,['Euro']
Tunisian Republic,https://flagcdn.com/w320/tn.png,https://goo.gl/maps/KgUmpZdUuNRaougs8,Africa,11818618,['Tunisian dinar']
Republic of South Sudan,https://flagcdn.com/w320/ss.png,https://goo.gl/maps/Zm1AYCXb9HSNF1P27,Africa,11193729,['South Sudanese pound']
Republic of Honduras,https://flagcdn.com/w320/hn.png,https://goo.gl/maps/BbeJK8Sk2VkMHbdF8,Americas,9904608,['Honduran lempira']
Saint Vincent and the Grenadines,https://flagcdn.com/w320/vc.png,https://goo.gl/maps/wMbnMqjG37FMnrwf7,Americas,110947,['Eastern Caribbean dollar']
Democratic Socialist Republic of Sri Lanka,https://flagcdn.com/w320/lk.png,https://goo.gl/maps/VkPHoeFSfgzRQCDv8,Asia,21919000,['Sri Lankan rupee']
Hong Kong Special Administrative Region of the People's Republic of China,https://flagcdn.com/w320/hk.png,https://goo.gl/maps/1sEnNmT47ffrC8MU8,Asia,7500700,['Hong Kong dollar']
